{
  "train_loss": [
    0.37818274376432,
    0.3152117665758515,
    0.29669106924207284,
    0.2885610627865685,
    0.28096441097349956,
    0.27297096097114854,
    0.26787541416985905,
    0.2634927031656697,
    0.26083606716007296,
    0.2572480135068936,
    0.25336555779691994,
    0.2478520598771058,
    0.24303709502257556,
    0.23819963337805142,
    0.23574591526603342,
    0.23338664340710533,
    0.23112993900738507,
    0.22413425521196345,
    0.2193043877902061,
    0.2153738009527734
  ],
  "val_loss": [
    0.3358348323881126,
    0.30731468987264926,
    0.297501611909573,
    0.2980157695189882,
    0.29636054300639747,
    0.2861915532662728,
    0.30015362781114036,
    0.2809342669612986,
    0.2960719124024312,
    0.2815953233701985,
    0.3146212992552609,
    0.31086029091507944,
    0.3241877364756788,
    0.2885455135030382,
    0.28725474470148327,
    0.30595716248020766,
    0.2817100623252785,
    0.31224519144899915,
    0.3366802309232678,
    0.2806463501548945
  ],
  "val_auc": [
    0.8943725656021939,
    0.9077082553573291,
    0.9141081914683007,
    0.9135221963150499,
    0.9187499001298592,
    0.9235849629281481,
    0.9222173948086203,
    0.9251478896749008,
    0.9218202602496834,
    0.9220566352420324,
    0.9145484808534243,
    0.9233798132627008,
    0.9166732613571185,
    0.9246962701807846,
    0.920792778717772,
    0.9228059712528316,
    0.9247972020774531,
    0.9225117510416554,
    0.9177398156356478,
    0.92611738771297
  ],
  "val_f1": [
    0.5989188683246196,
    0.6825300954153015,
    0.6812576661509289,
    0.6824127111598074,
    0.6794688735672689,
    0.7037019126457118,
    0.659796294748824,
    0.7324739336572449,
    0.6778970680603256,
    0.7006026246543607,
    0.6795893150813163,
    0.6954785048468131,
    0.6492085988221251,
    0.710531204800468,
    0.7046702709237052,
    0.704294296808009,
    0.7229514692399088,
    0.6982046786572498,
    0.6865506927896773,
    0.7302160808554509
  ],
  "epochs": 20
}